<?xml version="1.0" encoding="utf-8"?>
<!DOCTYPE hibernate-mapping PUBLIC "-//Hibernate/Hibernate Mapping DTD 3.0//EN"
"http://hibernate.sourceforge.net/hibernate-mapping-3.0.dtd">
<!-- 
    Mapping file autogenerated by MyEclipse Persistence Tools
-->
<hibernate-mapping>
    <class name="com.model.TUser" table="t_user">
        <id name="userId" type="java.lang.Integer">
            <column name="user_id" />
            <generator class="increment" />
        </id>
        <property name="userName" type="java.lang.String">
            <column name="user_name" length="50" />
        </property>
        <property name="userPw" type="java.lang.String">
            <column name="user_pw" length="50" />
        </property>
        
        <property name="userRealname" type="java.lang.String">
            <column name="user_realname" length="50" />
        </property>
        <property name="userSex" type="java.lang.String">
            <column name="user_sex" length="50" />
        </property>
        <property name="userAge" type="java.lang.String">
            <column name="user_age" length="50" />
        </property>
        
        <property name="userAddress" type="java.lang.String">
            <column name="user_address" length="50" />
        </property>
        <property name="userTel" type="java.lang.String">
            <column name="user_tel" length="50" />
        </property>
        <property name="userDel" type="java.lang.String">
            <column name="user_del" length="50" />
        </property>
    </class>
</hibernate-mapping>
