<?xml version="1.0" encoding="UTF-8"?>
<beans
	xmlns="http://www.springframework.org/schema/beans"
	xmlns:xsi="http://www.w3.org/2001/XMLSchema-instance"
	xsi:schemaLocation="http://www.springframework.org/schema/beans http://www.springframework.org/schema/beans/spring-beans-2.0.xsd">

	<bean id="dataSource"
		class="org.apache.commons.dbcp.BasicDataSource">
		<property name="driverClassName"
			value="com.mysql.jdbc.Driver">
		</property>
		<property name="url"
			value="jdbc:mysql://127.0.0.1:3306/ssh_photo_xiangce?useSSL=false&amp;serverTimezone=Asia/Shanghai&amp;useUnicode=true&amp;characterEncoding=utf-8">
		</property>
		<property name="username" value="root"></property>
		<property name="password" value="orcl"></property>
	</bean>
	
	<bean id="sessionFactory"
		class="org.springframework.orm.hibernate3.LocalSessionFactoryBean">
		<property name="dataSource">
			<ref bean="dataSource" />
		</property>
		<property name="hibernateProperties">
			<props>
				<prop key="hibernate.dialect">
					<!-- org.hibernate.dialect.SQLServerDialect-->
					org.hibernate.dialect.MySQLDialect
				</prop>
				<prop key="hibernate.show_sql">true</prop>
			</props>
		</property>
		<property name="mappingResources">
			<list>
			    <value>com/model/TAdmin.hbm.xml</value>
			    <value>com/model/TUser.hbm.xml</value>
				<value>com/model/TXiangce.hbm.xml</value>
				<value>com/model/TZhaopian.hbm.xml</value>
			</list>
		</property>
	</bean>
	
	
	
	<!-- 后台的登录 -->
	<bean id="loginService" class="com.service.loginService">
		<property name="adminDAO">
			<ref bean="TAdminDAO" />
		</property>
		<property name="userDAO">
			<ref bean="TUserDAO" />
		</property>
	</bean>
	
	<bean id="TAdminDAO" class="com.dao.TAdminDAO">
		<property name="sessionFactory">
			<ref bean="sessionFactory" />
		</property>
	</bean>
	
	
	
	<bean id="TUserDAO" class="com.dao.TUserDAO">
		<property name="sessionFactory">
			<ref bean="sessionFactory"></ref>
		</property>
	</bean>
	
	<bean id="userAction" class="com.action.UserAction" scope="prototype">
		<property name="userDAO">
			<ref bean="TUserDAO" />
		</property>
	</bean>
	
	
	<bean id="TXiangceDAO" class="com.dao.TXiangceDAO">
		<property name="sessionFactory">
			<ref bean="sessionFactory" />
		</property>
	</bean>
	<bean id="xiangceAction" class="com.action.xiangceAction" scope="prototype">
		<property name="xiangceDAO">
			<ref bean="TXiangceDAO" />
		</property>
	</bean>
	
	
	
	
	<bean id="TZhaopianDAO" class="com.dao.TZhaopianDAO">
		<property name="sessionFactory">
			<ref bean="sessionFactory" />
		</property>
	</bean>
	<bean id="zhaopianAction" class="com.action.zhaopianAction" scope="prototype">
		<property name="zhaopianDAO">
			<ref bean="TZhaopianDAO" />
		</property>
	</bean>
	
	
	
	</beans>