<?xml version="1.0" encoding="UTF-8" ?>

<!DOCTYPE struts PUBLIC   
     "-//Apache Software Foundation//DTD Struts Configuration 2.0//EN"   
     "http://struts.apache.org/dtds/struts-2.0.dtd">
     
     
<struts>
    <package name="liu" extends="struts-default">
        <global-results>
            <result name="succeed">/common/succeed.jsp</result>
            <result name="msg">/common/msg.jsp</result>
        </global-results>
        
        <action name="upload" class="com.util.upload" method="upload">
             <result name="success">/upload/upload_re.jsp</result>
        </action>
        
        
        
        <action name="userReg" class="userAction" method="userReg">
        </action>
        <action name="userEdit" class="userAction" method="userEdit">
        </action>
        <action name="userMana" class="userAction" method="userMana">
             <result name="success">/admin/user/userMana.jsp</result>
        </action>
        <action name="userDel" class="userAction" method="userDel">
        </action>
        <action name="userXinxi" class="userAction" method="userXinxi">
             <result name="success">/admin/user/userXinxi.jsp</result>
        </action>
        
        
        <action name="xiangceAdd" class="xiangceAction" method="xiangceAdd">
        </action>
        <action name="xiangceMine" class="xiangceAction" method="xiangceMine">
             <result name="success">/admin/xiangce/xiangceMine.jsp</result>
        </action>
        <action name="xiangceDel" class="xiangceAction" method="xiangceDel">
        </action>
        <action name="xiangceSelect" class="xiangceAction" method="xiangceSelect">
             <result name="success">/admin/xiangce/xiangceSelect.jsp</result>
        </action>
        
        
        
        <action name="zhaopianAdd" class="zhaopianAction" method="zhaopianAdd">
        </action>
        <action name="zhaopianMine" class="zhaopianAction" method="zhaopianMine">
             <result name="success">/admin/zhaopian/zhaopianMine.jsp</result>
        </action>
        <action name="zhaopianDel" class="zhaopianAction" method="zhaopianDel">
        </action>
        
        
    </package>
</struts>